rank,team,notes
1,Texas Tech,2025 National Runner-up
2,Texas,2025 National Champions
3,Oklahoma,Returns multiple All-Americans including Ella Parker
4,Tennessee,2025 WCWS Semifinalist
5,Florida,Perennial contender
6,Texas A&M,2025 No. 1 overall seed
7,Florida State,ACC power
8,Arkansas,2025 top 5 seed
9,UCLA,Pac-12 contender
10,Stanford,Pac-12 representative
11,LSU,SEC contender
12,South Carolina,Rising SEC program
13,Duke,ACC strong season
14,Ole Miss,Unanimous NFCA selection
15,Clemson,ACC representative
16,Georgia,SEC representative
17,Alabama,SEC representative
18,Arizona,Pac-12 representative
19,Oregon,Pac-12 representative
20,Missouri,SEC representative
21,Kentucky,SEC representative
22,Auburn,SEC representative
23,Washington,Pac-12 representative
24,Northwestern,Big Ten representative
25,Oklahoma State,Big 12 - rebuilding after 35-20 2025 season
