rank,team,poll_source,notes
1,Texas Tech,ESPN/USA Softball (tied),2025 National Runner-up - tied with Texas for No. 1
1,Texas,ESPN/USA Softball (tied),2025 National Champions - tied with Texas Tech for No. 1
1,Texas Tech,Softball America,No. 1 in Softball America preseason poll
2,Texas,Softball America,No. 2 in Softball America preseason poll
3,Oklahoma,Consensus,No. 3 in all three major polls - returns Ella Parker/Kasidi Pickering/Gabbi Garcia
4,Tennessee,Consensus,WCWS Semifinalist - consensus No. 4
5,Florida,Multiple,Consensus top 5
6,Texas A&M,Multiple,2025 No. 1 overall seed
7,Florida State,Multiple,ACC power
8,Arkansas,Multiple,2025 top seed
9,UCLA,Multiple,Pac-12 contender
10,Stanford,Multiple,Pac-12 representative
11,LSU,Multiple,SEC contender
12,South Carolina,Multiple,Rising program
13,Duke,Multiple,ACC strong
14,Ole Miss,NFCA,Unanimous selection - No. 14 NFCA Poll
15,Clemson,Multiple,ACC representative
16,Georgia,Multiple,SEC representative
17,Alabama,Multiple,SEC representative
18,Arizona,Multiple,Pac-12 representative
19,Oregon,Multiple,Pac-12 representative
20,Missouri,Multiple,SEC representative
21,Kentucky,Multiple,SEC representative
22,Ole Miss,ESPN/USA Softball,No. 22 in ESPN/USA Softball poll
23,Washington,Multiple,Pac-12 representative
24,Ole Miss,D1Softball,No. 24 in D1Softball preseason poll
25,Oklahoma State,Multiple,Big 12 representative - rebuilding after 35-20 season
